{"cameraMode":{"drawMode":0,"name":"Shaded","section":"Shading Mode"},"sceneLighting":false,"audioPlay":false,"sceneViewState":{"showFog":true,"showMaterialUpdate":false,"showSkybox":true,"showFlares":true,"showImageEffects":true,"showParticleSystems":true},"in2DMode":false,"pivot":{"x":18.280181884765626,"y":17.083227157592775,"z":10.928299903869629},"rotation":{"x":-0.540894627571106,"y":0.44084662199020388,"z":-0.4023810625076294,"w":-0.5926017165184021},"size":2.8578836917877199,"orthographic":false}