{"cameraMode":{"drawMode":0,"name":"Shaded","section":"Shading Mode"},"sceneLighting":false,"audioPlay":false,"sceneViewState":{"showFog":true,"showMaterialUpdate":false,"showSkybox":true,"showFlares":true,"showImageEffects":true,"showParticleSystems":true},"in2DMode":false,"pivot":{"x":-8.572651863098145,"y":-10.172785758972168,"z":3.308161973953247},"rotation":{"x":-0.3531301021575928,"y":0.4775937497615814,"z":-0.21776975691318513,"w":-0.7744545340538025},"size":2.8578836917877199,"orthographic":false}