{"cameraMode":{"drawMode":0,"name":"Shaded","section":"Shading Mode"},"sceneLighting":false,"audioPlay":false,"sceneViewState":{"showFog":true,"showMaterialUpdate":false,"showSkybox":true,"showFlares":true,"showImageEffects":true,"showParticleSystems":true},"in2DMode":false,"pivot":{"x":15.698057174682618,"y":19.79433250427246,"z":6.740528106689453},"rotation":{"x":-0.12113644927740097,"y":-0.8731358647346497,"z":0.276143342256546,"w":-0.38302040100097659},"size":2.8578836917877199,"orthographic":false}