{"cameraMode":{"drawMode":0,"name":"Shaded","section":"Shading Mode"},"sceneLighting":false,"audioPlay":false,"sceneViewState":{"showFog":true,"showMaterialUpdate":false,"showSkybox":true,"showFlares":true,"showImageEffects":true,"showParticleSystems":true},"in2DMode":false,"pivot":{"x":17.213396072387697,"y":15.10462474822998,"z":10.26719856262207},"rotation":{"x":-0.540894627571106,"y":0.44084662199020388,"z":-0.4023810625076294,"w":-0.5926017165184021},"size":2.8578836917877199,"orthographic":false}