{"cameraMode":{"drawMode":0,"name":"Shaded","section":"Shading Mode"},"sceneLighting":false,"audioPlay":false,"sceneViewState":{"showFog":true,"showMaterialUpdate":false,"showSkybox":true,"showFlares":true,"showImageEffects":true,"showParticleSystems":true},"in2DMode":false,"pivot":{"x":-7.91202974319458,"y":-10.661782264709473,"z":4.418157577514648},"rotation":{"x":-0.36622366309165957,"y":-0.039904505014419559,"z":0.015721717849373819,"w":-0.9295379519462586},"size":2.8578836917877199,"orthographic":false}