{"cameraMode":{"drawMode":0,"name":"Shaded","section":"Shading Mode"},"sceneLighting":false,"audioPlay":false,"sceneViewState":{"showFog":true,"showMaterialUpdate":false,"showSkybox":true,"showFlares":true,"showImageEffects":true,"showParticleSystems":true},"in2DMode":false,"pivot":{"x":16.87990951538086,"y":18.731979370117189,"z":3.97426700592041},"rotation":{"x":-0.7077512145042419,"y":0.0014815605245530606,"z":-0.0014842103701084853,"w":-0.7064587473869324},"size":2.8578836917877199,"orthographic":false}