{"cameraMode":{"drawMode":0,"name":"Shaded","section":"Shading Mode"},"sceneLighting":true,"audioPlay":false,"sceneViewState":{"showFog":true,"showMaterialUpdate":false,"showSkybox":true,"showFlares":true,"showImageEffects":true,"showParticleSystems":true},"in2DMode":false,"pivot":{"x":-0.5259184837341309,"y":0.11555266380310059,"z":5.3429179191589359},"rotation":{"x":-0.048358477652072909,"y":-0.9498416781425476,"z":0.24639418721199037,"w":-0.1864195466041565},"size":4.640787124633789,"orthographic":false}