{"cameraMode":{"drawMode":0,"name":"Shaded","section":"Shading Mode"},"sceneLighting":true,"audioPlay":false,"sceneViewState":{"showFog":true,"showMaterialUpdate":false,"showSkybox":true,"showFlares":true,"showImageEffects":true,"showParticleSystems":true},"in2DMode":false,"pivot":{"x":8.16937255859375,"y":-7.556277751922607,"z":15.238166809082032},"rotation":{"x":-0.1953488141298294,"y":-0.17402054369449616,"z":0.035244010388851169,"w":-0.9645276665687561},"size":35.348777770996097,"orthographic":false}