{"cameraMode":{"drawMode":0,"name":"Shaded","section":"Shading Mode"},"sceneLighting":false,"audioPlay":false,"sceneViewState":{"showFog":true,"showMaterialUpdate":false,"showSkybox":true,"showFlares":true,"showImageEffects":true,"showParticleSystems":true},"in2DMode":false,"pivot":{"x":3.452030658721924,"y":-2.064582347869873,"z":-1.2862768173217774},"rotation":{"x":-0.032235100865364078,"y":0.9657779932022095,"z":-0.21073022484779359,"w":-0.14773845672607423},"size":11.495800018310547,"orthographic":false}