{"cameraMode":{"drawMode":0,"name":"Shaded","section":"Shading Mode"},"sceneLighting":false,"audioPlay":false,"sceneViewState":{"showFog":true,"showMaterialUpdate":false,"showSkybox":true,"showFlares":true,"showImageEffects":true,"showParticleSystems":true},"in2DMode":false,"pivot":{"x":0.9561780095100403,"y":0.35956519842147829,"z":0.0},"rotation":{"x":-0.09311030805110932,"y":0.9051775336265564,"z":-0.32102784514427187,"w":-0.26253604888916018},"size":4.109886169433594,"orthographic":false}