{"cameraMode":{"drawMode":0,"name":"Shaded","section":"Shading Mode"},"sceneLighting":false,"audioPlay":false,"sceneViewState":{"showFog":true,"showMaterialUpdate":false,"showSkybox":true,"showFlares":true,"showImageEffects":true,"showParticleSystems":true},"in2DMode":false,"pivot":{"x":-0.7042214870452881,"y":-1.7116503715515137,"z":-0.5341614484786987},"rotation":{"x":0.13348940014839173,"y":-0.8251507878303528,"z":0.5034213066101074,"w":0.21880082786083222},"size":4.651968479156494,"orthographic":false}