{"cameraMode":{"drawMode":0,"name":"Shaded","section":"Shading Mode"},"sceneLighting":true,"audioPlay":false,"sceneViewState":{"showFog":true,"showMaterialUpdate":false,"showSkybox":true,"showFlares":true,"showImageEffects":true,"showParticleSystems":true},"in2DMode":false,"pivot":{"x":-0.03518907353281975,"y":1.024919867515564,"z":3.029994249343872},"rotation":{"x":0.24578769505023957,"y":0.36544302105903628,"z":-0.10067994147539139,"w":0.8921341896057129},"size":6.431357383728027,"orthographic":false}