{"cameraMode":{"drawMode":0,"name":"Shaded","section":"Shading Mode"},"sceneLighting":false,"audioPlay":false,"sceneViewState":{"showFog":true,"showMaterialUpdate":false,"showSkybox":true,"showFlares":true,"showImageEffects":true,"showParticleSystems":true},"in2DMode":false,"pivot":{"x":1.9804816246032715,"y":0.5506972074508667,"z":3.8301806449890138},"rotation":{"x":-0.4931512176990509,"y":0.2440565824508667,"z":-0.14640888571739198,"w":-0.8220722675323486},"size":4.613769054412842,"orthographic":false}