{"cameraMode":{"drawMode":0,"name":"Shaded","section":"Shading Mode"},"sceneLighting":false,"audioPlay":false,"sceneViewState":{"showFog":true,"showMaterialUpdate":false,"showSkybox":true,"showFlares":true,"showImageEffects":true,"showParticleSystems":true},"in2DMode":false,"pivot":{"x":-8.374890327453614,"y":-10.014078140258789,"z":3.8777475357055666},"rotation":{"x":0.2704499661922455,"y":0.5770940184593201,"z":-0.21054670214653016,"w":0.7412755489349365},"size":2.8578836917877199,"orthographic":false}