{"cameraMode":{"drawMode":0,"name":"Shaded","section":"Shading Mode"},"sceneLighting":false,"audioPlay":false,"sceneViewState":{"showFog":true,"showMaterialUpdate":false,"showSkybox":true,"showFlares":true,"showImageEffects":true,"showParticleSystems":true},"in2DMode":false,"pivot":{"x":2.657072067260742,"y":3.1947824954986574,"z":1.1807913780212403},"rotation":{"x":-0.015096054412424565,"y":0.9647646546363831,"z":-0.2564687430858612,"w":-0.05679057911038399},"size":4.9867377281188969,"orthographic":false}