{"cameraMode":{"drawMode":0,"name":"Shaded","section":"Shading Mode"},"sceneLighting":false,"audioPlay":false,"sceneViewState":{"showFog":true,"showMaterialUpdate":false,"showSkybox":true,"showFlares":true,"showImageEffects":true,"showParticleSystems":true},"in2DMode":false,"pivot":{"x":0.2899744510650635,"y":0.40856266021728518,"z":-0.931489884853363},"rotation":{"x":0.04120795428752899,"y":-0.9139477014541626,"z":0.39214494824409487,"w":0.09604113548994065},"size":4.651968479156494,"orthographic":false}