{"cameraMode":{"drawMode":0,"name":"Shaded","section":"Shading Mode"},"sceneLighting":false,"audioPlay":false,"sceneViewState":{"showFog":true,"showMaterialUpdate":false,"showSkybox":true,"showFlares":true,"showImageEffects":true,"showParticleSystems":true},"in2DMode":false,"pivot":{"x":0.8957986831665039,"y":0.17469477653503419,"z":2.1428024768829347},"rotation":{"x":-0.2963983416557312,"y":0.3275800347328186,"z":-0.10903536528348923,"w":-0.8904777765274048},"size":4.8063554763793949,"orthographic":false}