{"cameraMode":{"drawMode":0,"name":"Shaded","section":"Shading Mode"},"sceneLighting":false,"audioPlay":false,"sceneViewState":{"showFog":true,"showMaterialUpdate":false,"showSkybox":true,"showFlares":true,"showImageEffects":true,"showParticleSystems":true},"in2DMode":false,"pivot":{"x":-7.403690338134766,"y":-10.121466636657715,"z":3.5360875129699709},"rotation":{"x":0.05353160202503204,"y":-0.9367460012435913,"z":0.3040299117565155,"w":0.1649460792541504},"size":6.8230462074279789,"orthographic":false}