{"cameraMode":{"drawMode":0,"name":"Shaded","section":"Shading Mode"},"sceneLighting":false,"audioPlay":false,"sceneViewState":{"showFog":true,"showMaterialUpdate":false,"showSkybox":true,"showFlares":true,"showImageEffects":true,"showParticleSystems":true},"in2DMode":false,"pivot":{"x":0.2673996090888977,"y":0.9545875191688538,"z":0.0},"rotation":{"x":-0.7015131115913391,"y":0.13584239780902863,"z":-0.13898898661136628,"w":-0.6856443881988525},"size":4.7465410232543949,"orthographic":false}