{"cameraMode":{"drawMode":0,"name":"Shaded","section":"Shading Mode"},"sceneLighting":false,"audioPlay":false,"sceneViewState":{"showFog":true,"showMaterialUpdate":false,"showSkybox":true,"showFlares":true,"showImageEffects":true,"showParticleSystems":true},"in2DMode":false,"pivot":{"x":-0.10172025114297867,"y":0.05580425262451172,"z":-0.35699373483657839},"rotation":{"x":-0.7764056324958801,"y":0.023973476141691209,"z":-0.02959095686674118,"w":-0.6290818452835083},"size":9.921483039855957,"orthographic":false}