{"cameraMode":{"drawMode":0,"name":"Shaded","section":"Shading Mode"},"sceneLighting":false,"audioPlay":false,"sceneViewState":{"showFog":true,"showMaterialUpdate":false,"showSkybox":true,"showFlares":true,"showImageEffects":true,"showParticleSystems":true},"in2DMode":false,"pivot":{"x":-2.5631117820739748,"y":0.15121357142925263,"z":2.3190300464630129},"rotation":{"x":-0.1359933763742447,"y":0.852782130241394,"z":-0.2739388644695282,"w":-0.4233506917953491},"size":5.830214500427246,"orthographic":false}