{"cameraMode":{"drawMode":0,"name":"Shaded","section":"Shading Mode"},"sceneLighting":false,"audioPlay":false,"sceneViewState":{"showFog":true,"showMaterialUpdate":false,"showSkybox":true,"showFlares":true,"showImageEffects":true,"showParticleSystems":true},"in2DMode":false,"pivot":{"x":-5.960464477539063e-8,"y":0.7984914779663086,"z":-0.02956467866897583},"rotation":{"x":-0.2963983416557312,"y":0.3275800347328186,"z":-0.10903536528348923,"w":-0.8904777765274048},"size":4.392845153808594,"orthographic":false}