{"cameraMode":{"drawMode":0,"name":"Shaded","section":"Shading Mode"},"sceneLighting":false,"audioPlay":false,"sceneViewState":{"showFog":true,"showMaterialUpdate":false,"showSkybox":true,"showFlares":true,"showImageEffects":true,"showParticleSystems":true},"in2DMode":false,"pivot":{"x":0.0,"y":1.0656449794769288,"z":0.195384681224823},"rotation":{"x":-0.003526045475155115,"y":-0.9482825994491577,"z":0.3172329068183899,"w":-0.010535972192883492},"size":5.626509666442871,"orthographic":false}