{"cameraMode":{"drawMode":0,"name":"Shaded","section":"Shading Mode"},"sceneLighting":false,"audioPlay":false,"sceneViewState":{"showFog":true,"showMaterialUpdate":false,"showSkybox":true,"showFlares":true,"showImageEffects":true,"showParticleSystems":true},"in2DMode":false,"pivot":{"x":380.20404052734377,"y":271.0445861816406,"z":8.875},"rotation":{"x":0.36371874809265139,"y":0.1149376630783081,"z":-0.04529912769794464,"w":0.9232800602912903},"size":2.8578836917877199,"orthographic":false}