{"cameraMode":{"drawMode":0,"name":"Shaded","section":"Shading Mode"},"sceneLighting":false,"audioPlay":false,"sceneViewState":{"showFog":true,"showMaterialUpdate":false,"showSkybox":true,"showFlares":true,"showImageEffects":true,"showParticleSystems":true},"in2DMode":false,"pivot":{"x":-0.18311098217964173,"y":1.111316204071045,"z":1.1705682277679444},"rotation":{"x":-0.5955746173858643,"y":0.17031772434711457,"z":-0.13105449080467225,"w":-0.7740203142166138},"size":4.613769054412842,"orthographic":false}