{"cameraMode":{"drawMode":0,"name":"Shaded","section":"Shading Mode"},"sceneLighting":false,"audioPlay":false,"sceneViewState":{"showFog":true,"showMaterialUpdate":false,"showSkybox":true,"showFlares":true,"showImageEffects":true,"showParticleSystems":true},"in2DMode":false,"pivot":{"x":0.0027457475662231447,"y":1.0890262126922608,"z":-0.010523438453674317},"rotation":{"x":0.04507608711719513,"y":-0.940234899520874,"z":0.30825844407081606,"w":0.13748912513256074},"size":5.605747222900391,"orthographic":false}