{"cameraMode":{"drawMode":0,"name":"Shaded","section":"Shading Mode"},"sceneLighting":false,"audioPlay":false,"sceneViewState":{"showFog":true,"showMaterialUpdate":false,"showSkybox":true,"showFlares":true,"showImageEffects":true,"showParticleSystems":true},"in2DMode":false,"pivot":{"x":0.48610198497772219,"y":2.057955265045166,"z":-0.5563905239105225},"rotation":{"x":-0.37088266015052798,"y":-0.286053866147995,"z":0.12122246623039246,"w":-0.8751711249351502},"size":4.613769054412842,"orthographic":false}