{"cameraMode":{"drawMode":0,"name":"Shaded","section":"Shading Mode"},"sceneLighting":false,"audioPlay":false,"sceneViewState":{"showFog":true,"showMaterialUpdate":false,"showSkybox":true,"showFlares":true,"showImageEffects":true,"showParticleSystems":true},"in2DMode":false,"pivot":{"x":1.1920928955078126e-7,"y":1.1507304906845093,"z":-0.057435452938079837},"rotation":{"x":-0.2963983416557312,"y":0.3275800347328186,"z":-0.10903536528348923,"w":-0.8904777765274048},"size":5.308704376220703,"orthographic":false}