{"cameraMode":{"drawMode":0,"name":"Shaded","section":"Shading Mode"},"sceneLighting":false,"audioPlay":false,"sceneViewState":{"showFog":true,"showMaterialUpdate":false,"showSkybox":true,"showFlares":true,"showImageEffects":true,"showParticleSystems":true},"in2DMode":false,"pivot":{"x":-8.374890327453614,"y":-10.014078140258789,"z":3.8777475357055666},"rotation":{"x":0.11796996742486954,"y":0.8220744132995606,"z":-0.5255758166313171,"w":0.1845180243253708},"size":2.8578836917877199,"orthographic":false}